Year,ComSvcLtTrkProp
2024,0.508967219
2045,0.661791601
