Year,HvyTrkPropIcev,HvyTrkPropHev,HvyTrkPropBev
2024,0.99892,0.00017,0.00091
2045,0.99347,5.00E-05,0.00648
